{
    "highlights": [
        [
            {
                "color": 3,
                "length": 26,
                "rects": [
                    {
                        "height": 40.68715840712002,
                        "width": 277.62206075356494,
                        "x": 789.3743316718728,
                        "y": 1314.8680380496883
                    }
                ],
                "start": 2164,
                "text": "intent of the conditional."
            },
            {
                "color": 3,
                "length": 12,
                "rects": [
                    {
                        "height": 40.687158407120364,
                        "width": 152.88333044434927,
                        "x": 259.3399493425498,
                        "y": 1355.5551964568085
                    }
                ],
                "start": 2192,
                "text": "For example:"
            }
        ]
    ]
}
