{
    "highlights": [
        [
            {
                "color": 3,
                "length": 17,
                "rects": [
                    {
                        "height": 40.687158407120364,
                        "width": 217.4375650463594,
                        "x": 729.6075349419668,
                        "y": 967.6706218626518
                    }
                ],
                "start": 1534,
                "text": "conventions might"
            },
            {
                "color": 3,
                "length": 7,
                "rects": [
                    {
                        "height": 40.687158407120364,
                        "width": 78.91141596770933,
                        "x": 863.4899905547911,
                        "y": 1203.6561406239498
                    }
                ],
                "start": 2126,
                "text": "fail to"
            }
        ]
    ]
}
